{"cameraMode":{"drawMode":0,"name":"Shaded","section":"Shading Mode"},"sceneLighting":false,"audioPlay":false,"sceneViewState":{"showFog":false,"showMaterialUpdate":false,"showSkybox":false,"showFlares":false,"showImageEffects":false,"showParticleSystems":false},"in2DMode":false,"pivot":{"x":1.2640106678009034,"y":6.9732136726379398,"z":53.058349609375},"rotation":{"x":-0.003392860759049654,"y":-0.9431215524673462,"z":0.3322916030883789,"w":-0.009622587822377682},"size":5.715778350830078,"orthographic":false}