{"cameraMode":{"drawMode":0,"name":"Shaded","section":"Shading Mode"},"sceneLighting":false,"audioPlay":false,"sceneViewState":{"showFog":false,"showMaterialUpdate":false,"showSkybox":false,"showFlares":false,"showImageEffects":false,"showParticleSystems":false},"in2DMode":false,"pivot":{"x":1.3899999856948853,"y":1.1920928955078126e-7,"z":10.779999732971192},"rotation":{"x":-0.08857516944408417,"y":0.05972224846482277,"z":-0.005324076861143112,"w":-0.994263231754303},"size":9.164339065551758,"orthographic":false}