{"cameraMode":{"drawMode":0,"name":"Shaded","section":"Shading Mode"},"sceneLighting":false,"audioPlay":false,"sceneViewState":{"showFog":false,"showMaterialUpdate":false,"showSkybox":false,"showFlares":false,"showImageEffects":false,"showParticleSystems":false},"in2DMode":false,"pivot":{"x":-1.1331032514572144,"y":-8.630987167358399,"z":17.153932571411134},"rotation":{"x":0.05062560737133026,"y":0.02097015641629696,"z":0.0010614906204864383,"w":-0.998496949672699},"size":9.721641540527344,"orthographic":false}