{"cameraMode":{"drawMode":0,"name":"Shaded","section":"Shading Mode"},"sceneLighting":true,"audioPlay":false,"sceneViewState":{"showFog":false,"showMaterialUpdate":false,"showSkybox":false,"showFlares":false,"showImageEffects":false,"showParticleSystems":false},"in2DMode":false,"pivot":{"x":-66.45487213134766,"y":-110.7763671875,"z":8.680319786071778},"rotation":{"x":0.41234517097473147,"y":-0.5515997409820557,"z":0.3620847761631012,"w":0.6281750798225403},"size":211.89996337890626,"orthographic":false}