{"cameraMode":{"drawMode":0,"name":"Shaded","section":"Shading Mode"},"sceneLighting":false,"audioPlay":false,"sceneViewState":{"showFog":false,"showMaterialUpdate":false,"showSkybox":false,"showFlares":false,"showImageEffects":false,"showParticleSystems":false},"in2DMode":false,"pivot":{"x":2.1916186809539797,"y":-9.666816711425782,"z":11.892000198364258},"rotation":{"x":0.09058521687984467,"y":-0.7362452149391174,"z":-0.09913936257362366,"w":-0.6632561683654785},"size":4.941659450531006,"orthographic":false}