{"cameraMode":{"drawMode":0,"name":"Shaded","section":"Shading Mode"},"sceneLighting":false,"audioPlay":false,"sceneViewState":{"showFog":false,"showMaterialUpdate":false,"showSkybox":false,"showFlares":false,"showImageEffects":false,"showParticleSystems":false},"in2DMode":false,"pivot":{"x":-1.7799999713897706,"y":2.9802322387695315e-8,"z":-5.960464477539063e-8},"rotation":{"x":0.012511706911027432,"y":0.9735016822814941,"z":-0.2216271460056305,"w":0.05494965612888336},"size":5.900530815124512,"orthographic":false}