{"cameraMode":{"drawMode":0,"name":"Shaded","section":"Shading Mode"},"sceneLighting":false,"audioPlay":false,"sceneViewState":{"showFog":false,"showMaterialUpdate":false,"showSkybox":false,"showFlares":false,"showImageEffects":false,"showParticleSystems":false},"in2DMode":false,"pivot":{"x":1.3571640253067017,"y":-75.1895751953125,"z":-81.59053802490235},"rotation":{"x":-0.003955646883696318,"y":-0.9559943079948425,"z":0.2930724322795868,"w":-0.012953408993780613},"size":122.8416519165039,"orthographic":false}