{"cameraMode":{"drawMode":0,"name":"Shaded","section":"Shading Mode"},"sceneLighting":false,"audioPlay":false,"sceneViewState":{"showFog":false,"showMaterialUpdate":false,"showSkybox":false,"showFlares":false,"showImageEffects":false,"showParticleSystems":false},"in2DMode":false,"pivot":{"x":0.010381124913692475,"y":-10.889412879943848,"z":11.36040210723877},"rotation":{"x":0.046605318784713748,"y":0.9459961652755737,"z":-0.15785393118858338,"w":0.27928733825683596},"size":4.041658878326416,"orthographic":false}