{"cameraMode":{"drawMode":0,"name":"Shaded","section":"Shading Mode"},"sceneLighting":false,"audioPlay":false,"sceneViewState":{"showFog":false,"showMaterialUpdate":false,"showSkybox":false,"showFlares":false,"showImageEffects":false,"showParticleSystems":false},"in2DMode":false,"pivot":{"x":-1.9555989503860474,"y":18.692943572998048,"z":34.33987045288086},"rotation":{"x":-0.13573689758777619,"y":0.008910804986953736,"z":0.0012216458562761546,"w":0.9907041192054749},"size":141.6344451904297,"orthographic":false}