{"cameraMode":{"drawMode":0,"name":"Shaded","section":"Shading Mode"},"sceneLighting":true,"audioPlay":false,"sceneViewState":{"showFog":false,"showMaterialUpdate":false,"showSkybox":false,"showFlares":false,"showImageEffects":false,"showParticleSystems":false},"in2DMode":false,"pivot":{"x":-11.516849517822266,"y":38.88254928588867,"z":156.88992309570313},"rotation":{"x":-0.1529829353094101,"y":-0.08200458437204361,"z":-0.012737189419567585,"w":0.9847382307052612},"size":120.72457885742188,"orthographic":false}