{"cameraMode":{"drawMode":0,"name":"Shaded","section":"Shading Mode"},"sceneLighting":false,"audioPlay":false,"sceneViewState":{"showFog":false,"showMaterialUpdate":false,"showSkybox":false,"showFlares":false,"showImageEffects":false,"showParticleSystems":false},"in2DMode":false,"pivot":{"x":-2.313926935195923,"y":-16.792396545410158,"z":63.31657409667969},"rotation":{"x":0.06628815829753876,"y":-0.011659227311611176,"z":0.0007757420535199344,"w":0.9977321028709412},"size":59.654335021972659,"orthographic":false}