{"cameraMode":{"drawMode":0,"name":"Shaded","section":"Shading Mode"},"sceneLighting":false,"audioPlay":false,"sceneViewState":{"showFog":false,"showMaterialUpdate":false,"showSkybox":false,"showFlares":false,"showImageEffects":false,"showParticleSystems":false},"in2DMode":false,"pivot":{"x":0.4688225984573364,"y":5.2601776123046879,"z":59.14527893066406},"rotation":{"x":-0.24954193830490113,"y":-0.03340499475598335,"z":0.008610496297478676,"w":-0.9677493572235107},"size":9.459497451782227,"orthographic":false}