{"cameraMode":{"drawMode":0,"name":"Shaded","section":"Shading Mode"},"sceneLighting":false,"audioPlay":false,"sceneViewState":{"showFog":false,"showMaterialUpdate":false,"showSkybox":false,"showFlares":false,"showImageEffects":false,"showParticleSystems":false},"in2DMode":false,"pivot":{"x":-0.4020949602127075,"y":-11.002402305603028,"z":19.781667709350587},"rotation":{"x":-0.08421656489372254,"y":0.023912185803055764,"z":-0.002023453824222088,"w":-0.9961584806442261},"size":13.887863159179688,"orthographic":false}